{
  "1": {
    "a": 955,
    "b": 13353,
    "c": 6523,
    "result": [
      "(-0.5068797548903956+0j)",
      "(-13.475319197989185+0j)"
    ]
  },
  "2": {
    "a": 221,
    "b": 1,
    "c": 3,
    "result": "нет действительных корней"
  },
  "3": {
    "a": 3132,
    "b": 3,
    "c": 7421,
    "result": "нет действительных корней"
  },
  "4": {
    "a": 8981,
    "b": 614,
    "c": 4746,
    "result": "нет действительных корней"
  },
  "5": {
    "a": 1,
    "b": 41152,
    "c": 836,
    "result": [
      "(-0.020314940044045215+0j)",
      "(-41151.97968505995+0j)"
    ]
  },
  "6": {
    "a": 976,
    "b": 4285,
    "c": 9,
    "result": [
      "(-0.0021013558272113455+0j)",
      "(-4.388267496631805+0j)"
    ]
  },
  "7": {
    "a": 5699,
    "b": 9,
    "c": 92841,
    "result": "нет действительных корней"
  },
  "8": {
    "a": 17919,
    "b": 8,
    "c": 48292,
    "result": "нет действительных корней"
  },
  "9": {
    "a": 877,
    "b": 768,
    "c": 7831,
    "result": "нет действительных корней"
  },
  "10": {
    "a": 7,
    "b": 573,
    "c": 41,
    "result": [
      "(-0.07161588454526477+0j)",
      "(-81.7855269725976+0j)"
    ]
  },
  "11": {
    "a": 6139,
    "b": 2,
    "c": 35351,
    "result": "нет действительных корней"
  },
  "12": {
    "a": 5,
    "b": 52,
    "c": 31,
    "result": [
      "(-0.6349151157946693+0j)",
      "(-9.765084884205331+0j)"
    ]
  },
  "13": {
    "a": 37,
    "b": 3,
    "c": 6,
    "result": "нет действительных корней"
  },
  "14": {
    "a": 5,
    "b": 6258,
    "c": 3,
    "result": [
      "(-0.0004793865690771781+0j)",
      "(-1251.599520613431+0j)"
    ]
  },
  "15": {
    "a": 2924,
    "b": 93784,
    "c": 9641,
    "result": [
      "(-0.1031316650424156+0j)",
      "(-31.97073974398631+0j)"
    ]
  },
  "16": {
    "a": 9,
    "b": 3,
    "c": 268,
    "result": "нет действительных корней"
  },
  "17": {
    "a": 66871,
    "b": 96,
    "c": 45854,
    "result": "нет действительных корней"
  },
  "18": {
    "a": 732,
    "b": 53256,
    "c": 13368,
    "result": [
      "(-0.25188603902115275+0j)",
      "(-72.50221232163459+0j)"
    ]
  },
  "19": {
    "a": 45,
    "b": 119,
    "c": 64918,
    "result": "нет действительных корней"
  },
  "20": {
    "a": 73793,
    "b": 37,
    "c": 8689,
    "result": "нет действительных корней"
  },
  "21": {
    "a": 9244,
    "b": 3992,
    "c": 3,
    "result": [
      "(-0.0007528153459057697+0j)",
      "(-0.4310948696389493+0j)"
    ]
  },
  "22": {
    "a": 15736,
    "b": 22,
    "c": 93,
    "result": "нет действительных корней"
  },
  "23": {
    "a": 2891,
    "b": 66,
    "c": 7,
    "result": "нет действительных корней"
  },
  "24": {
    "a": 8455,
    "b": 911,
    "c": 35982,
    "result": "нет действительных корней"
  },
  "25": {
    "a": 41541,
    "b": 1,
    "c": 3,
    "result": "нет действительных корней"
  },
  "26": {
    "a": 381,
    "b": 4882,
    "c": 19357,
    "result": "нет действительных корней"
  },
  "27": {
    "a": 779,
    "b": 8929,
    "c": 4,
    "result": [
      "(-0.00044799600690168754+0j)",
      "(-11.461682941091944+0j)"
    ]
  },
  "28": {
    "a": 4646,
    "b": 7271,
    "c": 4145,
    "result": "нет действительных корней"
  },
  "29": {
    "a": 6569,
    "b": 4,
    "c": 4,
    "result": "нет действительных корней"
  },
  "30": {
    "a": 3782,
    "b": 8421,
    "c": 969,
    "result": [
      "(-0.12172387694988021+0j)",
      "(-2.1048758057576817+0j)"
    ]
  },
  "31": {
    "a": 1,
    "b": 39,
    "c": 19,
    "result": [
      "(-0.49342219125178843+0j)",
      "(-38.50657780874821+0j)"
    ]
  },
  "32": {
    "a": 742,
    "b": 8,
    "c": 1577,
    "result": "нет действительных корней"
  },
  "33": {
    "a": 36242,
    "b": 18549,
    "c": 3,
    "result": [
      "(-0.00016178492701763046+0j)",
      "(-0.5116477178598043+0j)"
    ]
  },
  "34": {
    "a": 6,
    "b": 4,
    "c": 616,
    "result": "нет действительных корней"
  },
  "35": {
    "a": 177,
    "b": 45,
    "c": 65,
    "result": "нет действительных корней"
  },
  "36": {
    "a": 24494,
    "b": 34,
    "c": 1,
    "result": "нет действительных корней"
  },
  "37": {
    "a": 8,
    "b": 79,
    "c": 66,
    "result": [
      "(-0.9214190433956642+0j)",
      "(-8.953580956604336+0j)"
    ]
  },
  "38": {
    "a": 8,
    "b": 14854,
    "c": 6,
    "result": [
      "(-0.00040393168876562413+0j)",
      "(-1856.7495960683113+0j)"
    ]
  },
  "39": {
    "a": 7173,
    "b": 22382,
    "c": 3278,
    "result": [
      "(-0.15406379394781178+0j)",
      "(-2.966248488221434+0j)"
    ]
  },
  "40": {
    "a": 1138,
    "b": 3,
    "c": 76,
    "result": "нет действительных корней"
  },
  "41": {
    "a": 49115,
    "b": 13612,
    "c": 1,
    "result": [
      "(-7.348407409180173e-05+0j)",
      "(-0.27707199083174144+0j)"
    ]
  },
  "42": {
    "a": 31875,
    "b": 798,
    "c": 62,
    "result": "нет действительных корней"
  },
  "43": {
    "a": 21599,
    "b": 34,
    "c": 28,
    "result": "нет действительных корней"
  },
  "44": {
    "a": 98112,
    "b": 89987,
    "c": 73449,
    "result": "нет действительных корней"
  },
  "45": {
    "a": 675,
    "b": 4,
    "c": 5678,
    "result": "нет действительных корней"
  },
  "46": {
    "a": 44122,
    "b": 34724,
    "c": 98,
    "result": [
      "(-0.0028324496226268306+0j)",
      "(-0.784167233075347+0j)"
    ]
  },
  "47": {
    "a": 1768,
    "b": 88,
    "c": 14,
    "result": "нет действительных корней"
  },
  "48": {
    "a": 3,
    "b": 65,
    "c": 61,
    "result": [
      "(-0.9830654294751966+0j)",
      "(-20.68360123719147+0j)"
    ]
  },
  "49": {
    "a": 79165,
    "b": 3968,
    "c": 387,
    "result": "нет действительных корней"
  },
  "50": {
    "a": 762,
    "b": 2,
    "c": 1,
    "result": "нет действительных корней"
  },
  "51": {
    "a": 83677,
    "b": 748,
    "c": 298,
    "result": "нет действительных корней"
  },
  "52": {
    "a": 6,
    "b": 5,
    "c": 13,
    "result": "нет действительных корней"
  },
  "53": {
    "a": 999,
    "b": 3,
    "c": 975,
    "result": "нет действительных корней"
  },
  "54": {
    "a": 8,
    "b": 7,
    "c": 5945,
    "result": "нет действительных корней"
  },
  "55": {
    "a": 7,
    "b": 323,
    "c": 2,
    "result": [
      "(-0.006192781590734902+0j)",
      "(-46.13666436126641+0j)"
    ]
  },
  "56": {
    "a": 85,
    "b": 3,
    "c": 2553,
    "result": "нет действительных корней"
  },
  "57": {
    "a": 364,
    "b": 41398,
    "c": 1,
    "result": [
      "(-2.415576145122631e-05+0j)",
      "(-113.73074507500777+0j)"
    ]
  },
  "58": {
    "a": 12,
    "b": 6785,
    "c": 75513,
    "result": [
      "(-11.357542407434039+0j)",
      "(-554.0591242592326+0j)"
    ]
  },
  "59": {
    "a": 12489,
    "b": 679,
    "c": 1444,
    "result": "нет действительных корней"
  },
  "60": {
    "a": 65,
    "b": 416,
    "c": 4322,
    "result": "нет действительных корней"
  },
  "61": {
    "a": 82,
    "b": 45422,
    "c": 35864,
    "result": [
      "(-0.7907020209203016+0j)",
      "(-553.1361272473723+0j)"
    ]
  },
  "62": {
    "a": 3,
    "b": 67,
    "c": 4192,
    "result": "нет действительных корней"
  },
  "63": {
    "a": 571,
    "b": 12,
    "c": 7,
    "result": "нет действительных корней"
  },
  "64": {
    "a": 6116,
    "b": 33,
    "c": 9657,
    "result": "нет действительных корней"
  },
  "65": {
    "a": 74193,
    "b": 53119,
    "c": 58,
    "result": [
      "(-0.001093558334501181+0j)",
      "(-0.7148634726522496+0j)"
    ]
  },
  "66": {
    "a": 8,
    "b": 861,
    "c": 699,
    "result": [
      "(-0.8180648558266057+0j)",
      "(-106.8069351441734+0j)"
    ]
  },
  "67": {
    "a": 13,
    "b": 613,
    "c": 194,
    "result": [
      "(-0.3186293980636798+0j)",
      "(-46.83521675578247+0j)"
    ]
  },
  "68": {
    "a": 391,
    "b": 16741,
    "c": 2568,