Name,Result
Черю,-2931.67
Бкмдырот,4591.719999999999
Еяракдбы,-27.200000000000003
Язойщрч,3774.46
Кчжфр,53.5
Лпишхы,-5210.1
Ягщвжмфх,-2357.04
Хйзгяы,2775.82
Щцтм,468.99
Шйэукджб,4236.4800000000005
